{"inputUnits":[34],"outputUnits":6,"inputs":{"input0":{"dtype":"number","min":272.5026484260782,"max":349.3273259510538},"input1":{"dtype":"number","min":107.96929372449134,"max":346.08284695571393},"input2":{"dtype":"number","min":274.95367931343657,"max":347.35055131521835},"input3":{"dtype":"number","min":105.05413806461684,"max":336.92411560296546},"input4":{"dtype":"number","min":269.8449480975116,"max":341.4687667162562},"input5":{"dtype":"number","min":106.07235497666147,"max":340.88181627656513},"input6":{"dtype":"number","min":300.3968061480606,"max":355.0413263332077},"input7":{"dtype":"number","min":114.64170727348699,"max":326.0280122812728},"input8":{"dtype":"number","min":268.44078554744607,"max":335.39313422309027},"input9":{"dtype":"number","min":114.99526888306377,"max":340.0805605317649},"input10":{"dtype":"number","min":272.0433975427936,"max":379.39396254035694},"input11":{"dtype":"number","min":146.92308451929517,"max":348.57526693660145},"input12":{"dtype":"number","min":235.0878834863852,"max":316.4884071275737},"input13":{"dtype":"number","min":151.36198939868115,"max":350.6297412299738},"input14":{"dtype":"number","min":209.47763662356846,"max":446.44214949877403},"input15":{"dtype":"number","min":105.87254217493603,"max":389.60459629229865},"input16":{"dtype":"number","min":186.82630750868054,"max":273.6471313714516},"input17":{"dtype":"number","min":110.08705778661061,"max":387.65125891850937},"input18":{"dtype":"number","min":209.59178426344724,"max":433.4333054689403},"input19":{"dtype":"number","min":76.0490643536603,"max":417.1254997922663},"input20":{"dtype":"number","min":187.08776641310305,"max":303.0005144561708},"input21":{"dtype":"number","min":72.97153941371982,"max":407.75448209825777},"input22":{"dtype":"number","min":241.6232240316231,"max":390.4907535902473},"input23":{"dtype":"number","min":254.51068543551258,"max":432.6033433464303},"input24":{"dtype":"number","min":166.59835369266264,"max":315.6455116197612},"input25":{"dtype":"number","min":257.3205155935901,"max":429.3303735446744},"input26":{"dtype":"number","min":263.5048843591999,"max":428.82138138858426},"input27":{"dtype":"number","min":302.2044137579191,"max":506.85688992922303},"input28":{"dtype":"number","min":180.40763341892531,"max":319.3786351164879},"input29":{"dtype":"number","min":290.718365347641,"max":466.29552235147867},"input30":{"dtype":"number","min":261.16748207493833,"max":419.9315413536384},"input31":{"dtype":"number","min":371.23892503407495,"max":558.0721300805521},"input32":{"dtype":"number","min":205.10838618287798,"max":311.3689430043479},"input33":{"dtype":"number","min":352.7936385900189,"max":525.3925280357197}},"outputs":{"output0":{"dtype":"string","min":0,"max":1,"uniqueValues":["3","4","6","2","1","5"],"legend":{"jumpingjack":[0,0,0,0,1,0],"squrt":[0,0,0,1,0,0],"lunge":[1,0,0,0,0,0],"situp":[0,1,0,0,0,0],"pushup":[0,0,0,0,0,1],"flank":[0,0,1,0,0,0]}}},"isNormalized":true}